num,name,city,phone,filename,github_url
1,AquaFlux Plomberie-Chauffage-Climatisation,Aix-en-Provence,06 58 17 41 23,aquaflux-plomberie-chauffage-climatisati-aix-en-provence.html,https://TON-PSEUDO.github.io/clikto-sites/aquaflux-plomberie-chauffage-climatisati-aix-en-provence.html
2,plombier montpellier - NG Plomberie,Montpellier,07 52 91 82 78,plombier-montpellier-ng-plomberie-montpellier.html,https://TON-PSEUDO.github.io/clikto-sites/plombier-montpellier-ng-plomberie-montpellier.html
3,CVA ENERGIE votre artisant tout corps d’état,Sarcelles,07 88 67 55 98,cva-energie-votre-artisant-tout-corps-d--sarcelles.html,https://TON-PSEUDO.github.io/clikto-sites/cva-energie-votre-artisant-tout-corps-d--sarcelles.html
4,Blue Gold Control,Issy-les-Moulineaux,06 10 78 77 40,blue-gold-control-issy-les-moulineaux.html,https://TON-PSEUDO.github.io/clikto-sites/blue-gold-control-issy-les-moulineaux.html
5,H2eau plomberie - chauffage - dépannage - recherche de fuite enterrée,Amiens,07 45 18 52 82,h2eau-plomberie-chauffage-d-pannage-rech-amiens.html,https://TON-PSEUDO.github.io/clikto-sites/h2eau-plomberie-chauffage-d-pannage-rech-amiens.html
6,DEBOOSERE CHAUFFAGE SANITAIRE,Tourcoing,07 89 46 43 09,deboosere-chauffage-sanitaire-tourcoing.html,https://TON-PSEUDO.github.io/clikto-sites/deboosere-chauffage-sanitaire-tourcoing.html
7,Thomas RICHEBERT Plomberie (T.R.P.),Bourg-en-Bresse,06 51 37 38 17,thomas-richebert-plomberie-t-r-p-bourg-en-bresse.html,https://TON-PSEUDO.github.io/clikto-sites/thomas-richebert-plomberie-t-r-p-bourg-en-bresse.html
8,Chris Plomberie,Hyères,06 28 48 05 63,chris-plomberie-hy-res.html,https://TON-PSEUDO.github.io/clikto-sites/chris-plomberie-hy-res.html
9,ECO PRO SERVICE,Créteil,06 36 13 33 23,eco-pro-service-cr-teil.html,https://TON-PSEUDO.github.io/clikto-sites/eco-pro-service-cr-teil.html
10,IVLR Plomberie - Carrelage,Montigny-lès-Cormeilles,06 79 41 26 75,ivlr-plomberie-carrelage-montigny-l-s-cormeilles.html,https://TON-PSEUDO.github.io/clikto-sites/ivlr-plomberie-carrelage-montigny-l-s-cormeilles.html
11,Ash Plomberie,Clichy,06 36 10 76 20,ash-plomberie-clichy.html,https://TON-PSEUDO.github.io/clikto-sites/ash-plomberie-clichy.html
12,Services Assistance Fermeture,Limoges,06 86 03 46 50,services-assistance-fermeture-limoges.html,https://TON-PSEUDO.github.io/clikto-sites/services-assistance-fermeture-limoges.html
13,Allo Plombier. Maître Artisan.,Talant,06 12 66 47 78,allo-plombier-ma-tre-artisan-talant.html,https://TON-PSEUDO.github.io/clikto-sites/allo-plombier-ma-tre-artisan-talant.html
14,desvaux plomberie,Saint-André,06 93 54 80 99,desvaux-plomberie-saint-andr.html,https://TON-PSEUDO.github.io/clikto-sites/desvaux-plomberie-saint-andr.html
15,"Grange et Fils, Philippe & Valentin",Rennes,06 72 37 64 28,grange-et-fils-philippe-valentin-rennes.html,https://TON-PSEUDO.github.io/clikto-sites/grange-et-fils-philippe-valentin-rennes.html
16,NéO ENERGY-SARL NERCESSIAN-RGE-Plomberie-Climatisation-Chauffage-Énergies Renouvelables,Aubagne,06 16 53 33 41,n-o-energy-sarl-nercessian-rge-plomberie-aubagne.html,https://TON-PSEUDO.github.io/clikto-sites/n-o-energy-sarl-nercessian-rge-plomberie-aubagne.html
17,GZ-BAT,Épinay-sur-Seine,07 62 32 45 83,gz-bat-pinay-sur-seine.html,https://TON-PSEUDO.github.io/clikto-sites/gz-bat-pinay-sur-seine.html
18,Tony plomberie,Fleury,07 56 95 90 79,tony-plomberie-fleury.html,https://TON-PSEUDO.github.io/clikto-sites/tony-plomberie-fleury.html
19,Eco services,Nantes,06 66 57 86 32,eco-services-nantes.html,https://TON-PSEUDO.github.io/clikto-sites/eco-services-nantes.html
20,Plombier Azur Gabriel,Fréjus,07 86 57 59 64,plombier-azur-gabriel-fr-jus.html,https://TON-PSEUDO.github.io/clikto-sites/plombier-azur-gabriel-fr-jus.html
21,Asma Plomberie,Athis-Mons,07 65 26 91 82,asma-plomberie-athis-mons.html,https://TON-PSEUDO.github.io/clikto-sites/asma-plomberie-athis-mons.html
22,TAL DEPANNE,Levallois-Perret,06 95 01 04 42,tal-depanne-levallois-perret.html,https://TON-PSEUDO.github.io/clikto-sites/tal-depanne-levallois-perret.html
23,Alk plomberie,Saint-Étienne,07 58 77 79 31,alk-plomberie-saint-tienne.html,https://TON-PSEUDO.github.io/clikto-sites/alk-plomberie-saint-tienne.html
24,Ah2eaux - Débouchage Canalisation,Verrières-le-Buisson,06 68 67 84 99,ah2eaux-d-bouchage-canalisation-verri-res-le-buisson.html,https://TON-PSEUDO.github.io/clikto-sites/ah2eaux-d-bouchage-canalisation-verri-res-le-buisson.html
25,SUDRON,Bois-Guillaume,06 86 14 80 00,sudron-bois-guillaume.html,https://TON-PSEUDO.github.io/clikto-sites/sudron-bois-guillaume.html
26,Lhou Multiservices BTP 66 - Homme à tout faire - Travaux Perpignan et alentours,Perpignan,06 35 95 03 47,lhou-multiservices-btp-66-homme-tout-fai-perpignan.html,https://TON-PSEUDO.github.io/clikto-sites/lhou-multiservices-btp-66-homme-tout-fai-perpignan.html
27,HARISTOY PLOMBERIE - Spécialiste recherche de fuite - Dépannage plomberie - Débouchage canalisation,Bayonne,07 63 16 50 46,haristoy-plomberie-sp-cialiste-recherche-bayonne.html,https://TON-PSEUDO.github.io/clikto-sites/haristoy-plomberie-sp-cialiste-recherche-bayonne.html
28,TPT Plomberie et climatisation,Talence,07 87 57 34 24,tpt-plomberie-et-climatisation-talence.html,https://TON-PSEUDO.github.io/clikto-sites/tpt-plomberie-et-climatisation-talence.html
29,AR Plomberie Services,Cabriès,06 21 61 80 73,ar-plomberie-services-cabri-s.html,https://TON-PSEUDO.github.io/clikto-sites/ar-plomberie-services-cabri-s.html
30,SARL LA FABRIQUE A FROID - Climatisation - Plomberie - Electricité,Toulon,06 12 37 49 02,sarl-la-fabrique-a-froid-climatisation-p-toulon.html,https://TON-PSEUDO.github.io/clikto-sites/sarl-la-fabrique-a-froid-climatisation-p-toulon.html
31,Albert Plombier Nanterre,Nanterre,07 56 95 93 25,albert-plombier-nanterre-nanterre.html,https://TON-PSEUDO.github.io/clikto-sites/albert-plombier-nanterre-nanterre.html
32,BK-DEPANNAGE,Dijon,06 68 41 29 83,bk-depannage-dijon.html,https://TON-PSEUDO.github.io/clikto-sites/bk-depannage-dijon.html
33,Arthur Plomberie,Morangis,07 81 71 33 42,arthur-plomberie-morangis.html,https://TON-PSEUDO.github.io/clikto-sites/arthur-plomberie-morangis.html
34,AIX PLOMBERIE,Aix-en-Provence,06 13 68 54 67,aix-plomberie-aix-en-provence.html,https://TON-PSEUDO.github.io/clikto-sites/aix-plomberie-aix-en-provence.html
35,Plomberie Edouard,Nice,06 18 30 54 92,plomberie-edouard-nice.html,https://TON-PSEUDO.github.io/clikto-sites/plomberie-edouard-nice.html
36,ERIC PLOMBERIE SANITAIRE E.P.S,Strasbourg,06 52 98 78 89,eric-plomberie-sanitaire-e-p-s-strasbourg.html,https://TON-PSEUDO.github.io/clikto-sites/eric-plomberie-sanitaire-e-p-s-strasbourg.html
37,Loic Zeller,Saint-Laurent-du-Var,07 62 46 07 32,loic-zeller-saint-laurent-du-var.html,https://TON-PSEUDO.github.io/clikto-sites/loic-zeller-saint-laurent-du-var.html
38,Lazar Sté,Noisy-le-Sec,06 63 99 45 12,lazar-st-noisy-le-sec.html,https://TON-PSEUDO.github.io/clikto-sites/lazar-st-noisy-le-sec.html
39,k thermique et sanitaire,Orvault,06 24 52 12 59,k-thermique-et-sanitaire-orvault.html,https://TON-PSEUDO.github.io/clikto-sites/k-thermique-et-sanitaire-orvault.html
40,AZ Deco&Climatisation - dépannage - installation - rénovation tout corps d'état,Hyères,07 81 11 89 45,az-deco-climatisation-d-pannage-installa-hy-res.html,https://TON-PSEUDO.github.io/clikto-sites/az-deco-climatisation-d-pannage-installa-hy-res.html
41,plomberie nazairienne,Saint-Nazaire,06 63 62 23 00,plomberie-nazairienne-saint-nazaire.html,https://TON-PSEUDO.github.io/clikto-sites/plomberie-nazairienne-saint-nazaire.html
42,Artisan Plombier - LPDR,Paris,06 09 76 76 95,artisan-plombier-lpdr-paris.html,https://TON-PSEUDO.github.io/clikto-sites/artisan-plombier-lpdr-paris.html
43,LEFRANCAIS ENERGIES Chauffage - Climatisation,Colomiers,06 70 86 91 35,lefrancais-energies-chauffage-climatisat-colomiers.html,https://TON-PSEUDO.github.io/clikto-sites/lefrancais-energies-chauffage-climatisat-colomiers.html
44,AG Plombier Chauffagiste,Marcq-en-Barœul,07 71 88 67 51,ag-plombier-chauffagiste-marcq-en-bar-ul.html,https://TON-PSEUDO.github.io/clikto-sites/ag-plombier-chauffagiste-marcq-en-bar-ul.html
45,TEDDY DEPANNAGE PLOMBERIE,Saint-Denis,06 93 49 64 25,teddy-depannage-plomberie-saint-denis.html,https://TON-PSEUDO.github.io/clikto-sites/teddy-depannage-plomberie-saint-denis.html
46,Plomberie Oliveira - Plombier à Lyon,Mions,06 28 62 27 54,plomberie-oliveira-plombier-lyon-mions.html,https://TON-PSEUDO.github.io/clikto-sites/plomberie-oliveira-plombier-lyon-mions.html
47,H2O DEPANNE RENOVE,Villeneuve-la-Garenne,06 59 16 98 66,h2o-depanne-renove-villeneuve-la-garenne.html,https://TON-PSEUDO.github.io/clikto-sites/h2o-depanne-renove-villeneuve-la-garenne.html
48,Batilyon Rénovation,Décines-Charpieu,06 20 87 07 36,batilyon-r-novation-d-cines-charpieu.html,https://TON-PSEUDO.github.io/clikto-sites/batilyon-r-novation-d-cines-charpieu.html
49,Help Home,Orléans,07 63 99 11 79,help-home-orl-ans.html,https://TON-PSEUDO.github.io/clikto-sites/help-home-orl-ans.html
50,L'Eau Tarie,Ollioules,07 61 04 86 41,l-eau-tarie-ollioules.html,https://TON-PSEUDO.github.io/clikto-sites/l-eau-tarie-ollioules.html
